PL1	<a href="http://www.cazy.org/Polysaccharide-Lyases.html" target="_cazy_cat_link">Polysaccharide Lyases</a> - <a href="http://www.cazy.org/PL1.html" target="_cazy_fam_link">PL1</a> - pectate lyase (EC <a href='http://www.enzyme-database.org/query.php?ec=4.2.2.2' target='_link' class='nav5'>4.2.2.2</a>); exo-pectate lyase (EC <a href='http://www.enzyme-database.org/query.php?ec=4.2.2.9' target='_link' class='nav5'>4.2.2.9</a>); pectin lyase (EC <a href='http://www.enzyme-database.org/query.php?ec=4.2.2.10' target='_link' class='nav5'>4.2.2.10</a>).
PL1_1	<a href="http://www.cazy.org/Polysaccharide-Lyases.html" target="_cazy_cat_link">Polysaccharide Lyases</a> - <a href="http://www.cazy.org/PL1_1.html" target="_cazy_fam_link">PL1_1</a> - pectate lyase (EC <a href='http://www.enzyme-database.org/query.php?ec=4.2.2.2' target='_link' class='nav5'>4.2.2.2</a>); exo-pectate lyase (EC <a href='http://www.enzyme-database.org/query.php?ec=4.2.2.9' target='_link' class='nav5'>4.2.2.9</a>); pectin lyase (EC <a href='http://www.enzyme-database.org/query.php?ec=4.2.2.10' target='_link' class='nav5'>4.2.2.10</a>).
PL1_2	<a href="http://www.cazy.org/Polysaccharide-Lyases.html" target="_cazy_cat_link">Polysaccharide Lyases</a> - <a href="http://www.cazy.org/PL1_2.html" target="_cazy_fam_link">PL1_2</a> - pectate lyase (EC <a href='http://www.enzyme-database.org/query.php?ec=4.2.2.2' target='_link' class='nav5'>4.2.2.2</a>); exo-pectate lyase (EC <a href='http://www.enzyme-database.org/query.php?ec=4.2.2.9' target='_link' class='nav5'>4.2.2.9</a>); pectin lyase (EC <a href='http://www.enzyme-database.org/query.php?ec=4.2.2.10' target='_link' class='nav5'>4.2.2.10</a>).
PL1_3	<a href="http://www.cazy.org/Polysaccharide-Lyases.html" target="_cazy_cat_link">Polysaccharide Lyases</a> - <a href="http://www.cazy.org/PL1_3.html" target="_cazy_fam_link">PL1_3</a> - pectate lyase (EC <a href='http://www.enzyme-database.org/query.php?ec=4.2.2.2' target='_link' class='nav5'>4.2.2.2</a>); exo-pectate lyase (EC <a href='http://www.enzyme-database.org/query.php?ec=4.2.2.9' target='_link' class='nav5'>4.2.2.9</a>); pectin lyase (EC <a href='http://www.enzyme-database.org/query.php?ec=4.2.2.10' target='_link' class='nav5'>4.2.2.10</a>).
PL1_4	<a href="http://www.cazy.org/Polysaccharide-Lyases.html" target="_cazy_cat_link">Polysaccharide Lyases</a> - <a href="http://www.cazy.org/PL1_4.html" target="_cazy_fam_link">PL1_4</a> - pectate lyase (EC <a href='http://www.enzyme-database.org/query.php?ec=4.2.2.2' target='_link' class='nav5'>4.2.2.2</a>); exo-pectate lyase (EC <a href='http://www.enzyme-database.org/query.php?ec=4.2.2.9' target='_link' class='nav5'>4.2.2.9</a>); pectin lyase (EC <a href='http://www.enzyme-database.org/query.php?ec=4.2.2.10' target='_link' class='nav5'>4.2.2.10</a>).
PL1_5	<a href="http://www.cazy.org/Polysaccharide-Lyases.html" target="_cazy_cat_link">Polysaccharide Lyases</a> - <a href="http://www.cazy.org/PL1_5.html" target="_cazy_fam_link">PL1_5</a> - pectate lyase (EC <a href='http://www.enzyme-database.org/query.php?ec=4.2.2.2' target='_link' class='nav5'>4.2.2.2</a>); exo-pectate lyase (EC <a href='http://www.enzyme-database.org/query.php?ec=4.2.2.9' target='_link' class='nav5'>4.2.2.9</a>); pectin lyase (EC <a href='http://www.enzyme-database.org/query.php?ec=4.2.2.10' target='_link' class='nav5'>4.2.2.10</a>).
PL1_6	<a href="http://www.cazy.org/Polysaccharide-Lyases.html" target="_cazy_cat_link">Polysaccharide Lyases</a> - <a href="http://www.cazy.org/PL1_6.html" target="_cazy_fam_link">PL1_6</a> - pectate lyase (EC <a href='http://www.enzyme-database.org/query.php?ec=4.2.2.2' target='_link' class='nav5'>4.2.2.2</a>); exo-pectate lyase (EC <a href='http://www.enzyme-database.org/query.php?ec=4.2.2.9' target='_link' class='nav5'>4.2.2.9</a>); pectin lyase (EC <a href='http://www.enzyme-database.org/query.php?ec=4.2.2.10' target='_link' class='nav5'>4.2.2.10</a>).
PL1_7	<a href="http://www.cazy.org/Polysaccharide-Lyases.html" target="_cazy_cat_link">Polysaccharide Lyases</a> - <a href="http://www.cazy.org/PL1_7.html" target="_cazy_fam_link">PL1_7</a> - pectate lyase (EC <a href='http://www.enzyme-database.org/query.php?ec=4.2.2.2' target='_link' class='nav5'>4.2.2.2</a>); exo-pectate lyase (EC <a href='http://www.enzyme-database.org/query.php?ec=4.2.2.9' target='_link' class='nav5'>4.2.2.9</a>); pectin lyase (EC <a href='http://www.enzyme-database.org/query.php?ec=4.2.2.10' target='_link' class='nav5'>4.2.2.10</a>).
PL1_8	<a href="http://www.cazy.org/Polysaccharide-Lyases.html" target="_cazy_cat_link">Polysaccharide Lyases</a> - <a href="http://www.cazy.org/PL1_8.html" target="_cazy_fam_link">PL1_8</a> - pectate lyase (EC <a href='http://www.enzyme-database.org/query.php?ec=4.2.2.2' target='_link' class='nav5'>4.2.2.2</a>); exo-pectate lyase (EC <a href='http://www.enzyme-database.org/query.php?ec=4.2.2.9' target='_link' class='nav5'>4.2.2.9</a>); pectin lyase (EC <a href='http://www.enzyme-database.org/query.php?ec=4.2.2.10' target='_link' class='nav5'>4.2.2.10</a>).
PL1_9	<a href="http://www.cazy.org/Polysaccharide-Lyases.html" target="_cazy_cat_link">Polysaccharide Lyases</a> - <a href="http://www.cazy.org/PL1_9.html" target="_cazy_fam_link">PL1_9</a> - pectate lyase (EC <a href='http://www.enzyme-database.org/query.php?ec=4.2.2.2' target='_link' class='nav5'>4.2.2.2</a>); exo-pectate lyase (EC <a href='http://www.enzyme-database.org/query.php?ec=4.2.2.9' target='_link' class='nav5'>4.2.2.9</a>); pectin lyase (EC <a href='http://www.enzyme-database.org/query.php?ec=4.2.2.10' target='_link' class='nav5'>4.2.2.10</a>).
PL1_10	<a href="http://www.cazy.org/Polysaccharide-Lyases.html" target="_cazy_cat_link">Polysaccharide Lyases</a> - <a href="http://www.cazy.org/PL1_10.html" target="_cazy_fam_link">PL1_10</a> - pectate lyase (EC <a href='http://www.enzyme-database.org/query.php?ec=4.2.2.2' target='_link' class='nav5'>4.2.2.2</a>); exo-pectate lyase (EC <a href='http://www.enzyme-database.org/query.php?ec=4.2.2.9' target='_link' class='nav5'>4.2.2.9</a>); pectin lyase (EC <a href='http://www.enzyme-database.org/query.php?ec=4.2.2.10' target='_link' class='nav5'>4.2.2.10</a>).
PL1_11	<a href="http://www.cazy.org/Polysaccharide-Lyases.html" target="_cazy_cat_link">Polysaccharide Lyases</a> - <a href="http://www.cazy.org/PL1_11.html" target="_cazy_fam_link">PL1_11</a> - pectate lyase (EC <a href='http://www.enzyme-database.org/query.php?ec=4.2.2.2' target='_link' class='nav5'>4.2.2.2</a>); exo-pectate lyase (EC <a href='http://www.enzyme-database.org/query.php?ec=4.2.2.9' target='_link' class='nav5'>4.2.2.9</a>); pectin lyase (EC <a href='http://www.enzyme-database.org/query.php?ec=4.2.2.10' target='_link' class='nav5'>4.2.2.10</a>).
PL1_12	<a href="http://www.cazy.org/Polysaccharide-Lyases.html" target="_cazy_cat_link">Polysaccharide Lyases</a> - <a href="http://www.cazy.org/PL1_12.html" target="_cazy_fam_link">PL1_12</a> - pectate lyase (EC <a href='http://www.enzyme-database.org/query.php?ec=4.2.2.2' target='_link' class='nav5'>4.2.2.2</a>); exo-pectate lyase (EC <a href='http://www.enzyme-database.org/query.php?ec=4.2.2.9' target='_link' class='nav5'>4.2.2.9</a>); pectin lyase (EC <a href='http://www.enzyme-database.org/query.php?ec=4.2.2.10' target='_link' class='nav5'>4.2.2.10</a>).
PL1_13	<a href="http://www.cazy.org/Polysaccharide-Lyases.html" target="_cazy_cat_link">Polysaccharide Lyases</a> - <a href="http://www.cazy.org/PL1_13.html" target="_cazy_fam_link">PL1_13</a> - pectate lyase (EC <a href='http://www.enzyme-database.org/query.php?ec=4.2.2.2' target='_link' class='nav5'>4.2.2.2</a>); exo-pectate lyase (EC <a href='http://www.enzyme-database.org/query.php?ec=4.2.2.9' target='_link' class='nav5'>4.2.2.9</a>); pectin lyase (EC <a href='http://www.enzyme-database.org/query.php?ec=4.2.2.10' target='_link' class='nav5'>4.2.2.10</a>).
PL2	<a href="http://www.cazy.org/Polysaccharide-Lyases.html" target="_cazy_cat_link">Polysaccharide Lyases</a> - <a href="http://www.cazy.org/PL2.html" target="_cazy_fam_link">PL2</a> - pectate lyase (EC <a href='http://www.enzyme-database.org/query.php?ec=4.2.2.2' target='_link' class='nav5'>4.2.2.2</a>); exo-polygalacturonate lyase (EC <a href='http://www.enzyme-database.org/query.php?ec=4.2.2.9' target='_link' class='nav5'>4.2.2.9</a>).
PL2_1	<a href="http://www.cazy.org/Polysaccharide-Lyases.html" target="_cazy_cat_link">Polysaccharide Lyases</a> - <a href="http://www.cazy.org/PL2_1.html" target="_cazy_fam_link">PL2_1</a> - pectate lyase (EC <a href='http://www.enzyme-database.org/query.php?ec=4.2.2.2' target='_link' class='nav5'>4.2.2.2</a>); exo-polygalacturonate lyase (EC <a href='http://www.enzyme-database.org/query.php?ec=4.2.2.9' target='_link' class='nav5'>4.2.2.9</a>).
PL2_2	<a href="http://www.cazy.org/Polysaccharide-Lyases.html" target="_cazy_cat_link">Polysaccharide Lyases</a> - <a href="http://www.cazy.org/PL2_2.html" target="_cazy_fam_link">PL2_2</a> - pectate lyase (EC <a href='http://www.enzyme-database.org/query.php?ec=4.2.2.2' target='_link' class='nav5'>4.2.2.2</a>); exo-polygalacturonate lyase (EC <a href='http://www.enzyme-database.org/query.php?ec=4.2.2.9' target='_link' class='nav5'>4.2.2.9</a>).
PL3	<a href="http://www.cazy.org/Polysaccharide-Lyases.html" target="_cazy_cat_link">Polysaccharide Lyases</a> - <a href="http://www.cazy.org/PL3.html" target="_cazy_fam_link">PL3</a> - pectate lyase (EC <a href='http://www.enzyme-database.org/query.php?ec=4.2.2.2' target='_link' class='nav5'>4.2.2.2</a>).
PL3_1	<a href="http://www.cazy.org/Polysaccharide-Lyases.html" target="_cazy_cat_link">Polysaccharide Lyases</a> - <a href="http://www.cazy.org/PL3_1.html" target="_cazy_fam_link">PL3_1</a> - pectate lyase (EC <a href='http://www.enzyme-database.org/query.php?ec=4.2.2.2' target='_link' class='nav5'>4.2.2.2</a>).
PL3_2	<a href="http://www.cazy.org/Polysaccharide-Lyases.html" target="_cazy_cat_link">Polysaccharide Lyases</a> - <a href="http://www.cazy.org/PL3_2.html" target="_cazy_fam_link">PL3_2</a> - pectate lyase (EC <a href='http://www.enzyme-database.org/query.php?ec=4.2.2.2' target='_link' class='nav5'>4.2.2.2</a>).
PL3_3	<a href="http://www.cazy.org/Polysaccharide-Lyases.html" target="_cazy_cat_link">Polysaccharide Lyases</a> - <a href="http://www.cazy.org/PL3_3.html" target="_cazy_fam_link">PL3_3</a> - pectate lyase (EC <a href='http://www.enzyme-database.org/query.php?ec=4.2.2.2' target='_link' class='nav5'>4.2.2.2</a>).
PL3_4	<a href="http://www.cazy.org/Polysaccharide-Lyases.html" target="_cazy_cat_link">Polysaccharide Lyases</a> - <a href="http://www.cazy.org/PL3_4.html" target="_cazy_fam_link">PL3_4</a> - pectate lyase (EC <a href='http://www.enzyme-database.org/query.php?ec=4.2.2.2' target='_link' class='nav5'>4.2.2.2</a>).
PL3_5	<a href="http://www.cazy.org/Polysaccharide-Lyases.html" target="_cazy_cat_link">Polysaccharide Lyases</a> - <a href="http://www.cazy.org/PL3_5.html" target="_cazy_fam_link">PL3_5</a> - pectate lyase (EC <a href='http://www.enzyme-database.org/query.php?ec=4.2.2.2' target='_link' class='nav5'>4.2.2.2</a>).
PL4	<a href="http://www.cazy.org/Polysaccharide-Lyases.html" target="_cazy_cat_link">Polysaccharide Lyases</a> - <a href="http://www.cazy.org/PL4.html" target="_cazy_fam_link">PL4</a> - rhamnogalacturonan endolyase (EC <a href='http://www.enzyme-database.org/query.php?ec=4.2.2.23' target='_link' class='nav5'>4.2.2.23</a>).
PL4_1	<a href="http://www.cazy.org/Polysaccharide-Lyases.html" target="_cazy_cat_link">Polysaccharide Lyases</a> - <a href="http://www.cazy.org/PL4_1.html" target="_cazy_fam_link">PL4_1</a> - rhamnogalacturonan endolyase (EC <a href='http://www.enzyme-database.org/query.php?ec=4.2.2.23' target='_link' class='nav5'>4.2.2.23</a>).
PL4_2	<a href="http://www.cazy.org/Polysaccharide-Lyases.html" target="_cazy_cat_link">Polysaccharide Lyases</a> - <a href="http://www.cazy.org/PL4_2.html" target="_cazy_fam_link">PL4_2</a> - rhamnogalacturonan endolyase (EC <a href='http://www.enzyme-database.org/query.php?ec=4.2.2.23' target='_link' class='nav5'>4.2.2.23</a>).
PL4_3	<a href="http://www.cazy.org/Polysaccharide-Lyases.html" target="_cazy_cat_link">Polysaccharide Lyases</a> - <a href="http://www.cazy.org/PL4_3.html" target="_cazy_fam_link">PL4_3</a> - rhamnogalacturonan endolyase (EC <a href='http://www.enzyme-database.org/query.php?ec=4.2.2.23' target='_link' class='nav5'>4.2.2.23</a>).
PL4_4	<a href="http://www.cazy.org/Polysaccharide-Lyases.html" target="_cazy_cat_link">Polysaccharide Lyases</a> - <a href="http://www.cazy.org/PL4_4.html" target="_cazy_fam_link">PL4_4</a> - rhamnogalacturonan endolyase (EC <a href='http://www.enzyme-database.org/query.php?ec=4.2.2.23' target='_link' class='nav5'>4.2.2.23</a>).
PL4_5	<a href="http://www.cazy.org/Polysaccharide-Lyases.html" target="_cazy_cat_link">Polysaccharide Lyases</a> - <a href="http://www.cazy.org/PL4_5.html" target="_cazy_fam_link">PL4_5</a> - rhamnogalacturonan endolyase (EC <a href='http://www.enzyme-database.org/query.php?ec=4.2.2.23' target='_link' class='nav5'>4.2.2.23</a>).
PL5	<a href="http://www.cazy.org/Polysaccharide-Lyases.html" target="_cazy_cat_link">Polysaccharide Lyases</a> - <a href="http://www.cazy.org/PL5.html" target="_cazy_fam_link">PL5</a> - alginate lyase (EC <a href='http://www.enzyme-database.org/query.php?ec=4.2.2.3' target='_link' class='nav5'>4.2.2.3</a>); endo-&beta;-1,4-glucuronan lyase (EC <a href='http://www.enzyme-database.org/query.php?ec=4.2.2.14' target='_link' class='nav5'>4.2.2.14</a>)
PL5_1	<a href="http://www.cazy.org/Polysaccharide-Lyases.html" target="_cazy_cat_link">Polysaccharide Lyases</a> - <a href="http://www.cazy.org/PL5_1.html" target="_cazy_fam_link">PL5_1</a> - alginate lyase (EC <a href='http://www.enzyme-database.org/query.php?ec=4.2.2.3' target='_link' class='nav5'>4.2.2.3</a>); endo-&beta;-1,4-glucuronan lyase (EC <a href='http://www.enzyme-database.org/query.php?ec=4.2.2.14' target='_link' class='nav5'>4.2.2.14</a>)
PL6	<a href="http://www.cazy.org/Polysaccharide-Lyases.html" target="_cazy_cat_link">Polysaccharide Lyases</a> - <a href="http://www.cazy.org/PL6.html" target="_cazy_fam_link">PL6</a> - alginate lyase (EC <a href='http://www.enzyme-database.org/query.php?ec=4.2.2.3' target='_link' class='nav5'>4.2.2.3</a>); chondroitinase B (EC <a href='http://www.enzyme-database.org/query.php?ec=4.2.2.19' target='_link' class='nav5'>4.2.2.19</a>); MG-specific alginate lyase (EC <a href='http://www.enzyme-database.org/query.php?ec=4.2.2.*' target='_link' class='nav5'>4.2.2.-</a>); poly(&alpha;-L-guluronate) lyase / G-specific alginate lyase (EC <a href='http://www.enzyme-database.org/query.php?ec=4.2.2.11' target='_link' class='nav5'>4.2.2.11</a>); ; oligoalginate lyase / exo-alginate lyase (EC <a href='http://www.enzyme-database.org/query.php?ec=4.2.2.26' target='_link' class='nav5'>4.2.2.26</a>)
PL6_1	<a href="http://www.cazy.org/Polysaccharide-Lyases.html" target="_cazy_cat_link">Polysaccharide Lyases</a> - <a href="http://www.cazy.org/PL6_1.html" target="_cazy_fam_link">PL6_1</a> - alginate lyase (EC <a href='http://www.enzyme-database.org/query.php?ec=4.2.2.3' target='_link' class='nav5'>4.2.2.3</a>); chondroitinase B (EC <a href='http://www.enzyme-database.org/query.php?ec=4.2.2.19' target='_link' class='nav5'>4.2.2.19</a>); MG-specific alginate lyase (EC <a href='http://www.enzyme-database.org/query.php?ec=4.2.2.*' target='_link' class='nav5'>4.2.2.-</a>); poly(&alpha;-L-guluronate) lyase / G-specific alginate lyase (EC <a href='http://www.enzyme-database.org/query.php?ec=4.2.2.11' target='_link' class='nav5'>4.2.2.11</a>); ; oligoalginate lyase / exo-alginate lyase (EC <a href='http://www.enzyme-database.org/query.php?ec=4.2.2.26' target='_link' class='nav5'>4.2.2.26</a>)
PL6_2	<a href="http://www.cazy.org/Polysaccharide-Lyases.html" target="_cazy_cat_link">Polysaccharide Lyases</a> - <a href="http://www.cazy.org/PL6_2.html" target="_cazy_fam_link">PL6_2</a> - alginate lyase (EC <a href='http://www.enzyme-database.org/query.php?ec=4.2.2.3' target='_link' class='nav5'>4.2.2.3</a>); chondroitinase B (EC <a href='http://www.enzyme-database.org/query.php?ec=4.2.2.19' target='_link' class='nav5'>4.2.2.19</a>); MG-specific alginate lyase (EC <a href='http://www.enzyme-database.org/query.php?ec=4.2.2.*' target='_link' class='nav5'>4.2.2.-</a>); poly(&alpha;-L-guluronate) lyase / G-specific alginate lyase (EC <a href='http://www.enzyme-database.org/query.php?ec=4.2.2.11' target='_link' class='nav5'>4.2.2.11</a>); ; oligoalginate lyase / exo-alginate lyase (EC <a href='http://www.enzyme-database.org/query.php?ec=4.2.2.26' target='_link' class='nav5'>4.2.2.26</a>)
PL6_3	<a href="http://www.cazy.org/Polysaccharide-Lyases.html" target="_cazy_cat_link">Polysaccharide Lyases</a> - <a href="http://www.cazy.org/PL6_3.html" target="_cazy_fam_link">PL6_3</a> - alginate lyase (EC <a href='http://www.enzyme-database.org/query.php?ec=4.2.2.3' target='_link' class='nav5'>4.2.2.3</a>); chondroitinase B (EC <a href='http://www.enzyme-database.org/query.php?ec=4.2.2.19' target='_link' class='nav5'>4.2.2.19</a>); MG-specific alginate lyase (EC <a href='http://www.enzyme-database.org/query.php?ec=4.2.2.*' target='_link' class='nav5'>4.2.2.-</a>); poly(&alpha;-L-guluronate) lyase / G-specific alginate lyase (EC <a href='http://www.enzyme-database.org/query.php?ec=4.2.2.11' target='_link' class='nav5'>4.2.2.11</a>); ; oligoalginate lyase / exo-alginate lyase (EC <a href='http://www.enzyme-database.org/query.php?ec=4.2.2.26' target='_link' class='nav5'>4.2.2.26</a>)
PL7	<a href="http://www.cazy.org/Polysaccharide-Lyases.html" target="_cazy_cat_link">Polysaccharide Lyases</a> - <a href="http://www.cazy.org/PL7.html" target="_cazy_fam_link">PL7</a> - poly(&beta;-mannuronate) lyase / M-specific alginate lyase (EC <a href='http://www.enzyme-database.org/query.php?ec=4.2.2.3' target='_link' class='nav5'>4.2.2.3</a>); &alpha;-L-guluronate lyase / G-specific alginate lyase (EC <a href='http://www.enzyme-database.org/query.php?ec=4.2.2.11' target='_link' class='nav5'>4.2.2.11</a>); poly-(MG)-lyase / MG-specific alginate lyase (EC <a href='http://www.enzyme-database.org/query.php?ec=4.2.2.*' target='_link' class='nav5'>4.2.2.-</a>); endo-&beta;-1,4-glucuronan lyase (EC <a href='http://www.enzyme-database.org/query.php?ec=4.2.2.14' target='_link' class='nav5'>4.2.2.14</a>); oligoalginate lyase / exo-alginate lyase (EC <a href='http://www.enzyme-database.org/query.php?ec=4.2.2.26' target='_link' class='nav5'>4.2.2.26</a>)
PL7_1	<a href="http://www.cazy.org/Polysaccharide-Lyases.html" target="_cazy_cat_link">Polysaccharide Lyases</a> - <a href="http://www.cazy.org/PL7_1.html" target="_cazy_fam_link">PL7_1</a> - poly(&beta;-mannuronate) lyase / M-specific alginate lyase (EC <a href='http://www.enzyme-database.org/query.php?ec=4.2.2.3' target='_link' class='nav5'>4.2.2.3</a>); &alpha;-L-guluronate lyase / G-specific alginate lyase (EC <a href='http://www.enzyme-database.org/query.php?ec=4.2.2.11' target='_link' class='nav5'>4.2.2.11</a>); poly-(MG)-lyase / MG-specific alginate lyase (EC <a href='http://www.enzyme-database.org/query.php?ec=4.2.2.*' target='_link' class='nav5'>4.2.2.-</a>); endo-&beta;-1,4-glucuronan lyase (EC <a href='http://www.enzyme-database.org/query.php?ec=4.2.2.14' target='_link' class='nav5'>4.2.2.14</a>); oligoalginate lyase / exo-alginate lyase (EC <a href='http://www.enzyme-database.org/query.php?ec=4.2.2.26' target='_link' class='nav5'>4.2.2.26</a>)
PL7_2	<a href="http://www.cazy.org/Polysaccharide-Lyases.html" target="_cazy_cat_link">Polysaccharide Lyases</a> - <a href="http://www.cazy.org/PL7_2.html" target="_cazy_fam_link">PL7_2</a> - poly(&beta;-mannuronate) lyase / M-specific alginate lyase (EC <a href='http://www.enzyme-database.org/query.php?ec=4.2.2.3' target='_link' class='nav5'>4.2.2.3</a>); &alpha;-L-guluronate lyase / G-specific alginate lyase (EC <a href='http://www.enzyme-database.org/query.php?ec=4.2.2.11' target='_link' class='nav5'>4.2.2.11</a>); poly-(MG)-lyase / MG-specific alginate lyase (EC <a href='http://www.enzyme-database.org/query.php?ec=4.2.2.*' target='_link' class='nav5'>4.2.2.-</a>); endo-&beta;-1,4-glucuronan lyase (EC <a href='http://www.enzyme-database.org/query.php?ec=4.2.2.14' target='_link' class='nav5'>4.2.2.14</a>); oligoalginate lyase / exo-alginate lyase (EC <a href='http://www.enzyme-database.org/query.php?ec=4.2.2.26' target='_link' class='nav5'>4.2.2.26</a>)
PL7_3	<a href="http://www.cazy.org/Polysaccharide-Lyases.html" target="_cazy_cat_link">Polysaccharide Lyases</a> - <a href="http://www.cazy.org/PL7_3.html" target="_cazy_fam_link">PL7_3</a> - poly(&beta;-mannuronate) lyase / M-specific alginate lyase (EC <a href='http://www.enzyme-database.org/query.php?ec=4.2.2.3' target='_link' class='nav5'>4.2.2.3</a>); &alpha;-L-guluronate lyase / G-specific alginate lyase (EC <a href='http://www.enzyme-database.org/query.php?ec=4.2.2.11' target='_link' class='nav5'>4.2.2.11</a>); poly-(MG)-lyase / MG-specific alginate lyase (EC <a href='http://www.enzyme-database.org/query.php?ec=4.2.2.*' target='_link' class='nav5'>4.2.2.-</a>); endo-&beta;-1,4-glucuronan lyase (EC <a href='http://www.enzyme-database.org/query.php?ec=4.2.2.14' target='_link' class='nav5'>4.2.2.14</a>); oligoalginate lyase / exo-alginate lyase (EC <a href='http://www.enzyme-database.org/query.php?ec=4.2.2.26' target='_link' class='nav5'>4.2.2.26</a>)
PL7_4	<a href="http://www.cazy.org/Polysaccharide-Lyases.html" target="_cazy_cat_link">Polysaccharide Lyases</a> - <a href="http://www.cazy.org/PL7_4.html" target="_cazy_fam_link">PL7_4</a> - poly(&beta;-mannuronate) lyase / M-specific alginate lyase (EC <a href='http://www.enzyme-database.org/query.php?ec=4.2.2.3' target='_link' class='nav5'>4.2.2.3</a>); &alpha;-L-guluronate lyase / G-specific alginate lyase (EC <a href='http://www.enzyme-database.org/query.php?ec=4.2.2.11' target='_link' class='nav5'>4.2.2.11</a>); poly-(MG)-lyase / MG-specific alginate lyase (EC <a href='http://www.enzyme-database.org/query.php?ec=4.2.2.*' target='_link' class='nav5'>4.2.2.-</a>); endo-&beta;-1,4-glucuronan lyase (EC <a href='http://www.enzyme-database.org/query.php?ec=4.2.2.14' target='_link' class='nav5'>4.2.2.14</a>); oligoalginate lyase / exo-alginate lyase (EC <a href='http://www.enzyme-database.org/query.php?ec=4.2.2.26' target='_link' class='nav5'>4.2.2.26</a>)
PL7_5	<a href="http://www.cazy.org/Polysaccharide-Lyases.html" target="_cazy_cat_link">Polysaccharide Lyases</a> - <a href="http://www.cazy.org/PL7_5.html" target="_cazy_fam_link">PL7_5</a> - poly(&beta;-mannuronate) lyase / M-specific alginate lyase (EC <a href='http://www.enzyme-database.org/query.php?ec=4.2.2.3' target='_link' class='nav5'>4.2.2.3</a>); &alpha;-L-guluronate lyase / G-specific alginate lyase (EC <a href='http://www.enzyme-database.org/query.php?ec=4.2.2.11' target='_link' class='nav5'>4.2.2.11</a>); poly-(MG)-lyase / MG-specific alginate lyase (EC <a href='http://www.enzyme-database.org/query.php?ec=4.2.2.*' target='_link' class='nav5'>4.2.2.-</a>); endo-&beta;-1,4-glucuronan lyase (EC <a href='http://www.enzyme-database.org/query.php?ec=4.2.2.14' target='_link' class='nav5'>4.2.2.14</a>); oligoalginate lyase / exo-alginate lyase (EC <a href='http://www.enzyme-database.org/query.php?ec=4.2.2.26' target='_link' class='nav5'>4.2.2.26</a>)
PL8	<a href="http://www.cazy.org/Polysaccharide-Lyases.html" target="_cazy_cat_link">Polysaccharide Lyases</a> - <a href="http://www.cazy.org/PL8.html" target="_cazy_fam_link">PL8</a> - hyaluronate lyase (EC <a href='http://www.enzyme-database.org/query.php?ec=4.2.2.1' target='_link' class='nav5'>4.2.2.1</a>); chondroitin AC lyase (EC <a href='http://www.enzyme-database.org/query.php?ec=4.2.2.5' target='_link' class='nav5'>4.2.2.5</a>); xanthan lyase (EC <a href='http://www.enzyme-database.org/query.php?ec=4.2.2.12' target='_link' class='nav5'>4.2.2.12</a>); chondroitin ABC lyase (EC <a href='http://www.enzyme-database.org/query.php?ec=4.2.2.20' target='_link' class='nav5'>4.2.2.20</a>); heparin lyase / heparin lyase I (EC <a href='http://www.enzyme-database.org/query.php?ec=4.2.2.7' target='_link' class='nav5'>4.2.2.7</a>)
PL8_1	<a href="http://www.cazy.org/Polysaccharide-Lyases.html" target="_cazy_cat_link">Polysaccharide Lyases</a> - <a href="http://www.cazy.org/PL8_1.html" target="_cazy_fam_link">PL8_1</a> - hyaluronate lyase (EC <a href='http://www.enzyme-database.org/query.php?ec=4.2.2.1' target='_link' class='nav5'>4.2.2.1</a>); chondroitin AC lyase (EC <a href='http://www.enzyme-database.org/query.php?ec=4.2.2.5' target='_link' class='nav5'>4.2.2.5</a>); xanthan lyase (EC <a href='http://www.enzyme-database.org/query.php?ec=4.2.2.12' target='_link' class='nav5'>4.2.2.12</a>); chondroitin ABC lyase (EC <a href='http://www.enzyme-database.org/query.php?ec=4.2.2.20' target='_link' class='nav5'>4.2.2.20</a>); heparin lyase / heparin lyase I (EC <a href='http://www.enzyme-database.org/query.php?ec=4.2.2.7' target='_link' class='nav5'>4.2.2.7</a>)
PL8_2	<a href="http://www.cazy.org/Polysaccharide-Lyases.html" target="_cazy_cat_link">Polysaccharide Lyases</a> - <a href="http://www.cazy.org/PL8_2.html" target="_cazy_fam_link">PL8_2</a> - hyaluronate lyase (EC <a href='http://www.enzyme-database.org/query.php?ec=4.2.2.1' target='_link' class='nav5'>4.2.2.1</a>); chondroitin AC lyase (EC <a href='http://www.enzyme-database.org/query.php?ec=4.2.2.5' target='_link' class='nav5'>4.2.2.5</a>); xanthan lyase (EC <a href='http://www.enzyme-database.org/query.php?ec=4.2.2.12' target='_link' class='nav5'>4.2.2.12</a>); chondroitin ABC lyase (EC <a href='http://www.enzyme-database.org/query.php?ec=4.2.2.20' target='_link' class='nav5'>4.2.2.20</a>); heparin lyase / heparin lyase I (EC <a href='http://www.enzyme-database.org/query.php?ec=4.2.2.7' target='_link' class='nav5'>4.2.2.7</a>)
PL8_3	<a href="http://www.cazy.org/Polysaccharide-Lyases.html" target="_cazy_cat_link">Polysaccharide Lyases</a> - <a href="http://www.cazy.org/PL8_3.html" target="_cazy_fam_link">PL8_3</a> - hyaluronate lyase (EC <a href='http://www.enzyme-database.org/query.php?ec=4.2.2.1' target='_link' class='nav5'>4.2.2.1</a>); chondroitin AC lyase (EC <a href='http://www.enzyme-database.org/query.php?ec=4.2.2.5' target='_link' class='nav5'>4.2.2.5</a>); xanthan lyase (EC <a href='http://www.enzyme-database.org/query.php?ec=4.2.2.12' target='_link' class='nav5'>4.2.2.12</a>); chondroitin ABC lyase (EC <a href='http://www.enzyme-database.org/query.php?ec=4.2.2.20' target='_link' class='nav5'>4.2.2.20</a>); heparin lyase / heparin lyase I (EC <a href='http://www.enzyme-database.org/query.php?ec=4.2.2.7' target='_link' class='nav5'>4.2.2.7</a>)
PL8_4	<a href="http://www.cazy.org/Polysaccharide-Lyases.html" target="_cazy_cat_link">Polysaccharide Lyases</a> - <a href="http://www.cazy.org/PL8_4.html" target="_cazy_fam_link">PL8_4</a> - hyaluronate lyase (EC <a href='http://www.enzyme-database.org/query.php?ec=4.2.2.1' target='_link' class='nav5'>4.2.2.1</a>); chondroitin AC lyase (EC <a href='http://www.enzyme-database.org/query.php?ec=4.2.2.5' target='_link' class='nav5'>4.2.2.5</a>); xanthan lyase (EC <a href='http://www.enzyme-database.org/query.php?ec=4.2.2.12' target='_link' class='nav5'>4.2.2.12</a>); chondroitin ABC lyase (EC <a href='http://www.enzyme-database.org/query.php?ec=4.2.2.20' target='_link' class='nav5'>4.2.2.20</a>); heparin lyase / heparin lyase I (EC <a href='http://www.enzyme-database.org/query.php?ec=4.2.2.7' target='_link' class='nav5'>4.2.2.7</a>)
PL9	<a href="http://www.cazy.org/Polysaccharide-Lyases.html" target="_cazy_cat_link">Polysaccharide Lyases</a> - <a href="http://www.cazy.org/PL9.html" target="_cazy_fam_link">PL9</a> - pectate lyase (EC <a href='http://www.enzyme-database.org/query.php?ec=4.2.2.2' target='_link' class='nav5'>4.2.2.2</a>); exopolygalacturonate lyase (EC <a href='http://www.enzyme-database.org/query.php?ec=4.2.2.9' target='_link' class='nav5'>4.2.2.9</a>); thiopeptidoglycan lyase (EC <a href='http://www.enzyme-database.org/query.php?ec=4.2.2.*' target='_link' class='nav5'>4.2.2.-</a>); rhamnogalacturonan endolyase (EC <a href='http://www.enzyme-database.org/query.php?ec=4.2.2.23' target='_link' class='nav5'>4.2.2.23</a>)
PL9_1	<a href="http://www.cazy.org/Polysaccharide-Lyases.html" target="_cazy_cat_link">Polysaccharide Lyases</a> - <a href="http://www.cazy.org/PL9_1.html" target="_cazy_fam_link">PL9_1</a> - pectate lyase (EC <a href='http://www.enzyme-database.org/query.php?ec=4.2.2.2' target='_link' class='nav5'>4.2.2.2</a>); exopolygalacturonate lyase (EC <a href='http://www.enzyme-database.org/query.php?ec=4.2.2.9' target='_link' class='nav5'>4.2.2.9</a>); thiopeptidoglycan lyase (EC <a href='http://www.enzyme-database.org/query.php?ec=4.2.2.*' target='_link' class='nav5'>4.2.2.-</a>); rhamnogalacturonan endolyase (EC <a href='http://www.enzyme-database.org/query.php?ec=4.2.2.23' target='_link' class='nav5'>4.2.2.23</a>)
PL9_2	<a href="http://www.cazy.org/Polysaccharide-Lyases.html" target="_cazy_cat_link">Polysaccharide Lyases</a> - <a href="http://www.cazy.org/PL9_2.html" target="_cazy_fam_link">PL9_2</a> - pectate lyase (EC <a href='http://www.enzyme-database.org/query.php?ec=4.2.2.2' target='_link' class='nav5'>4.2.2.2</a>); exopolygalacturonate lyase (EC <a href='http://www.enzyme-database.org/query.php?ec=4.2.2.9' target='_link' class='nav5'>4.2.2.9</a>); thiopeptidoglycan lyase (EC <a href='http://www.enzyme-database.org/query.php?ec=4.2.2.*' target='_link' class='nav5'>4.2.2.-</a>); rhamnogalacturonan endolyase (EC <a href='http://www.enzyme-database.org/query.php?ec=4.2.2.23' target='_link' class='nav5'>4.2.2.23</a>)
PL9_3	<a href="http://www.cazy.org/Polysaccharide-Lyases.html" target="_cazy_cat_link">Polysaccharide Lyases</a> - <a href="http://www.cazy.org/PL9_3.html" target="_cazy_fam_link">PL9_3</a> - pectate lyase (EC <a href='http://www.enzyme-database.org/query.php?ec=4.2.2.2' target='_link' class='nav5'>4.2.2.2</a>); exopolygalacturonate lyase (EC <a href='http://www.enzyme-database.org/query.php?ec=4.2.2.9' target='_link' class='nav5'>4.2.2.9</a>); thiopeptidoglycan lyase (EC <a href='http://www.enzyme-database.org/query.php?ec=4.2.2.*' target='_link' class='nav5'>4.2.2.-</a>); rhamnogalacturonan endolyase (EC <a href='http://www.enzyme-database.org/query.php?ec=4.2.2.23' target='_link' class='nav5'>4.2.2.23</a>)
PL9_4	<a href="http://www.cazy.org/Polysaccharide-Lyases.html" target="_cazy_cat_link">Polysaccharide Lyases</a> - <a href="http://www.cazy.org/PL9_4.html" target="_cazy_fam_link">PL9_4</a> - pectate lyase (EC <a href='http://www.enzyme-database.org/query.php?ec=4.2.2.2' target='_link' class='nav5'>4.2.2.2</a>); exopolygalacturonate lyase (EC <a href='http://www.enzyme-database.org/query.php?ec=4.2.2.9' target='_link' class='nav5'>4.2.2.9</a>); thiopeptidoglycan lyase (EC <a href='http://www.enzyme-database.org/query.php?ec=4.2.2.*' target='_link' class='nav5'>4.2.2.-</a>); rhamnogalacturonan endolyase (EC <a href='http://www.enzyme-database.org/query.php?ec=4.2.2.23' target='_link' class='nav5'>4.2.2.23</a>)
PL10	<a href="http://www.cazy.org/Polysaccharide-Lyases.html" target="_cazy_cat_link">Polysaccharide Lyases</a> - <a href="http://www.cazy.org/PL10.html" target="_cazy_fam_link">PL10</a> - pectate lyase (EC <a href='http://www.enzyme-database.org/query.php?ec=4.2.2.2' target='_link' class='nav5'>4.2.2.2</a>)
PL10_1	<a href="http://www.cazy.org/Polysaccharide-Lyases.html" target="_cazy_cat_link">Polysaccharide Lyases</a> - <a href="http://www.cazy.org/PL10_1.html" target="_cazy_fam_link">PL10_1</a> - pectate lyase (EC <a href='http://www.enzyme-database.org/query.php?ec=4.2.2.2' target='_link' class='nav5'>4.2.2.2</a>)
PL10_2	<a href="http://www.cazy.org/Polysaccharide-Lyases.html" target="_cazy_cat_link">Polysaccharide Lyases</a> - <a href="http://www.cazy.org/PL10_2.html" target="_cazy_fam_link">PL10_2</a> - pectate lyase (EC <a href='http://www.enzyme-database.org/query.php?ec=4.2.2.2' target='_link' class='nav5'>4.2.2.2</a>)
PL10_3	<a href="http://www.cazy.org/Polysaccharide-Lyases.html" target="_cazy_cat_link">Polysaccharide Lyases</a> - <a href="http://www.cazy.org/PL10_3.html" target="_cazy_fam_link">PL10_3</a> - pectate lyase (EC <a href='http://www.enzyme-database.org/query.php?ec=4.2.2.2' target='_link' class='nav5'>4.2.2.2</a>)
PL11	<a href="http://www.cazy.org/Polysaccharide-Lyases.html" target="_cazy_cat_link">Polysaccharide Lyases</a> - <a href="http://www.cazy.org/PL11.html" target="_cazy_fam_link">PL11</a> - rhamnogalacturonan endolyase (EC <a href='http://www.enzyme-database.org/query.php?ec=4.2.2.23' target='_link' class='nav5'>4.2.2.23</a>); rhamnogalacturonan exolyase (EC <a href='http://www.enzyme-database.org/query.php?ec=4.2.2.24' target='_link' class='nav5'>4.2.2.24</a>)
PL11_1	<a href="http://www.cazy.org/Polysaccharide-Lyases.html" target="_cazy_cat_link">Polysaccharide Lyases</a> - <a href="http://www.cazy.org/PL11_1.html" target="_cazy_fam_link">PL11_1</a> - rhamnogalacturonan endolyase (EC <a href='http://www.enzyme-database.org/query.php?ec=4.2.2.23' target='_link' class='nav5'>4.2.2.23</a>); rhamnogalacturonan exolyase (EC <a href='http://www.enzyme-database.org/query.php?ec=4.2.2.24' target='_link' class='nav5'>4.2.2.24</a>)
PL11_2	<a href="http://www.cazy.org/Polysaccharide-Lyases.html" target="_cazy_cat_link">Polysaccharide Lyases</a> - <a href="http://www.cazy.org/PL11_2.html" target="_cazy_fam_link">PL11_2</a> - rhamnogalacturonan endolyase (EC <a href='http://www.enzyme-database.org/query.php?ec=4.2.2.23' target='_link' class='nav5'>4.2.2.23</a>); rhamnogalacturonan exolyase (EC <a href='http://www.enzyme-database.org/query.php?ec=4.2.2.24' target='_link' class='nav5'>4.2.2.24</a>)
PL12	<a href="http://www.cazy.org/Polysaccharide-Lyases.html" target="_cazy_cat_link">Polysaccharide Lyases</a> - <a href="http://www.cazy.org/PL12.html" target="_cazy_fam_link">PL12</a> - heparin-sulfate lyase (EC <a href='http://www.enzyme-database.org/query.php?ec=4.2.2.8' target='_link' class='nav5'>4.2.2.8</a>); heparin lyase / heparin lyase I (EC <a href='http://www.enzyme-database.org/query.php?ec=4.2.2.7' target='_link' class='nav5'>4.2.2.7</a>)
PL12_1	<a href="http://www.cazy.org/Polysaccharide-Lyases.html" target="_cazy_cat_link">Polysaccharide Lyases</a> - <a href="http://www.cazy.org/PL12_1.html" target="_cazy_fam_link">PL12_1</a> - heparin-sulfate lyase (EC <a href='http://www.enzyme-database.org/query.php?ec=4.2.2.8' target='_link' class='nav5'>4.2.2.8</a>); heparin lyase / heparin lyase I (EC <a href='http://www.enzyme-database.org/query.php?ec=4.2.2.7' target='_link' class='nav5'>4.2.2.7</a>)
PL12_2	<a href="http://www.cazy.org/Polysaccharide-Lyases.html" target="_cazy_cat_link">Polysaccharide Lyases</a> - <a href="http://www.cazy.org/PL12_2.html" target="_cazy_fam_link">PL12_2</a> - heparin-sulfate lyase (EC <a href='http://www.enzyme-database.org/query.php?ec=4.2.2.8' target='_link' class='nav5'>4.2.2.8</a>); heparin lyase / heparin lyase I (EC <a href='http://www.enzyme-database.org/query.php?ec=4.2.2.7' target='_link' class='nav5'>4.2.2.7</a>)
PL12_3	<a href="http://www.cazy.org/Polysaccharide-Lyases.html" target="_cazy_cat_link">Polysaccharide Lyases</a> - <a href="http://www.cazy.org/PL12_3.html" target="_cazy_fam_link">PL12_3</a> - heparin-sulfate lyase (EC <a href='http://www.enzyme-database.org/query.php?ec=4.2.2.8' target='_link' class='nav5'>4.2.2.8</a>); heparin lyase / heparin lyase I (EC <a href='http://www.enzyme-database.org/query.php?ec=4.2.2.7' target='_link' class='nav5'>4.2.2.7</a>)
PL13	<a href="http://www.cazy.org/Polysaccharide-Lyases.html" target="_cazy_cat_link">Polysaccharide Lyases</a> - <a href="http://www.cazy.org/PL13.html" target="_cazy_fam_link">PL13</a> - heparin lyase  (EC <a href='http://www.enzyme-database.org/query.php?ec=4.2.2.7' target='_link' class='nav5'>4.2.2.7</a>);
PL14	<a href="http://www.cazy.org/Polysaccharide-Lyases.html" target="_cazy_cat_link">Polysaccharide Lyases</a> - <a href="http://www.cazy.org/PL14.html" target="_cazy_fam_link">PL14</a> - alginate lyase (EC <a href='http://www.enzyme-database.org/query.php?ec=4.2.2.3' target='_link' class='nav5'>4.2.2.3</a>); exo-oligoalginate lyase (EC <a href='http://www.enzyme-database.org/query.php?ec=4.2.2.26' target='_link' class='nav5'>4.2.2.26</a>); &beta;-1,4-glucuronan lyase (EC <a href='http://www.enzyme-database.org/query.php?ec=4.2.2.14' target='_link' class='nav5'>4.2.2.14</a>); alginate lyase (EC <a href='http://www.enzyme-database.org/query.php?ec=4.2.2.*' target='_link' class='nav5'>4.2.2.-</a>)
PL14_1	<a href="http://www.cazy.org/Polysaccharide-Lyases.html" target="_cazy_cat_link">Polysaccharide Lyases</a> - <a href="http://www.cazy.org/PL14_1.html" target="_cazy_fam_link">PL14_1</a> - alginate lyase (EC <a href='http://www.enzyme-database.org/query.php?ec=4.2.2.3' target='_link' class='nav5'>4.2.2.3</a>); exo-oligoalginate lyase (EC <a href='http://www.enzyme-database.org/query.php?ec=4.2.2.26' target='_link' class='nav5'>4.2.2.26</a>); &beta;-1,4-glucuronan lyase (EC <a href='http://www.enzyme-database.org/query.php?ec=4.2.2.14' target='_link' class='nav5'>4.2.2.14</a>); alginate lyase (EC <a href='http://www.enzyme-database.org/query.php?ec=4.2.2.*' target='_link' class='nav5'>4.2.2.-</a>)
PL14_2	<a href="http://www.cazy.org/Polysaccharide-Lyases.html" target="_cazy_cat_link">Polysaccharide Lyases</a> - <a href="http://www.cazy.org/PL14_2.html" target="_cazy_fam_link">PL14_2</a> - alginate lyase (EC <a href='http://www.enzyme-database.org/query.php?ec=4.2.2.3' target='_link' class='nav5'>4.2.2.3</a>); exo-oligoalginate lyase (EC <a href='http://www.enzyme-database.org/query.php?ec=4.2.2.26' target='_link' class='nav5'>4.2.2.26</a>); &beta;-1,4-glucuronan lyase (EC <a href='http://www.enzyme-database.org/query.php?ec=4.2.2.14' target='_link' class='nav5'>4.2.2.14</a>); alginate lyase (EC <a href='http://www.enzyme-database.org/query.php?ec=4.2.2.*' target='_link' class='nav5'>4.2.2.-</a>)
PL14_3	<a href="http://www.cazy.org/Polysaccharide-Lyases.html" target="_cazy_cat_link">Polysaccharide Lyases</a> - <a href="http://www.cazy.org/PL14_3.html" target="_cazy_fam_link">PL14_3</a> - alginate lyase (EC <a href='http://www.enzyme-database.org/query.php?ec=4.2.2.3' target='_link' class='nav5'>4.2.2.3</a>); exo-oligoalginate lyase (EC <a href='http://www.enzyme-database.org/query.php?ec=4.2.2.26' target='_link' class='nav5'>4.2.2.26</a>); &beta;-1,4-glucuronan lyase (EC <a href='http://www.enzyme-database.org/query.php?ec=4.2.2.14' target='_link' class='nav5'>4.2.2.14</a>); alginate lyase (EC <a href='http://www.enzyme-database.org/query.php?ec=4.2.2.*' target='_link' class='nav5'>4.2.2.-</a>)
PL14_4	<a href="http://www.cazy.org/Polysaccharide-Lyases.html" target="_cazy_cat_link">Polysaccharide Lyases</a> - <a href="http://www.cazy.org/PL14_4.html" target="_cazy_fam_link">PL14_4</a> - alginate lyase (EC <a href='http://www.enzyme-database.org/query.php?ec=4.2.2.3' target='_link' class='nav5'>4.2.2.3</a>); exo-oligoalginate lyase (EC <a href='http://www.enzyme-database.org/query.php?ec=4.2.2.26' target='_link' class='nav5'>4.2.2.26</a>); &beta;-1,4-glucuronan lyase (EC <a href='http://www.enzyme-database.org/query.php?ec=4.2.2.14' target='_link' class='nav5'>4.2.2.14</a>); alginate lyase (EC <a href='http://www.enzyme-database.org/query.php?ec=4.2.2.*' target='_link' class='nav5'>4.2.2.-</a>)
PL14_5	<a href="http://www.cazy.org/Polysaccharide-Lyases.html" target="_cazy_cat_link">Polysaccharide Lyases</a> - <a href="http://www.cazy.org/PL14_5.html" target="_cazy_fam_link">PL14_5</a> - alginate lyase (EC <a href='http://www.enzyme-database.org/query.php?ec=4.2.2.3' target='_link' class='nav5'>4.2.2.3</a>); exo-oligoalginate lyase (EC <a href='http://www.enzyme-database.org/query.php?ec=4.2.2.26' target='_link' class='nav5'>4.2.2.26</a>); &beta;-1,4-glucuronan lyase (EC <a href='http://www.enzyme-database.org/query.php?ec=4.2.2.14' target='_link' class='nav5'>4.2.2.14</a>); alginate lyase (EC <a href='http://www.enzyme-database.org/query.php?ec=4.2.2.*' target='_link' class='nav5'>4.2.2.-</a>)
PL15	<a href="http://www.cazy.org/Polysaccharide-Lyases.html" target="_cazy_cat_link">Polysaccharide Lyases</a> - <a href="http://www.cazy.org/PL15.html" target="_cazy_fam_link">PL15</a> - alginate lyase (EC <a href='http://www.enzyme-database.org/query.php?ec=4.2.2.3' target='_link' class='nav5'>4.2.2.3</a>); oligoalginate lyase / exo-alginate lyase (EC <a href='http://www.enzyme-database.org/query.php?ec=4.2.2.26' target='_link' class='nav5'>4.2.2.26</a>); heparin lyase / heparin lyase I (EC <a href='http://www.enzyme-database.org/query.php?ec=4.2.2.7' target='_link' class='nav5'>4.2.2.7</a>); heparin-sulfate lyase / heparin lyase III (EC <a href='http://www.enzyme-database.org/query.php?ec=4.2.2.8' target='_link' class='nav5'>4.2.2.8</a>)
PL15_1	<a href="http://www.cazy.org/Polysaccharide-Lyases.html" target="_cazy_cat_link">Polysaccharide Lyases</a> - <a href="http://www.cazy.org/PL15_1.html" target="_cazy_fam_link">PL15_1</a> - alginate lyase (EC <a href='http://www.enzyme-database.org/query.php?ec=4.2.2.3' target='_link' class='nav5'>4.2.2.3</a>); oligoalginate lyase / exo-alginate lyase (EC <a href='http://www.enzyme-database.org/query.php?ec=4.2.2.26' target='_link' class='nav5'>4.2.2.26</a>); heparin lyase / heparin lyase I (EC <a href='http://www.enzyme-database.org/query.php?ec=4.2.2.7' target='_link' class='nav5'>4.2.2.7</a>); heparin-sulfate lyase / heparin lyase III (EC <a href='http://www.enzyme-database.org/query.php?ec=4.2.2.8' target='_link' class='nav5'>4.2.2.8</a>)
PL15_2	<a href="http://www.cazy.org/Polysaccharide-Lyases.html" target="_cazy_cat_link">Polysaccharide Lyases</a> - <a href="http://www.cazy.org/PL15_2.html" target="_cazy_fam_link">PL15_2</a> - alginate lyase (EC <a href='http://www.enzyme-database.org/query.php?ec=4.2.2.3' target='_link' class='nav5'>4.2.2.3</a>); oligoalginate lyase / exo-alginate lyase (EC <a href='http://www.enzyme-database.org/query.php?ec=4.2.2.26' target='_link' class='nav5'>4.2.2.26</a>); heparin lyase / heparin lyase I (EC <a href='http://www.enzyme-database.org/query.php?ec=4.2.2.7' target='_link' class='nav5'>4.2.2.7</a>); heparin-sulfate lyase / heparin lyase III (EC <a href='http://www.enzyme-database.org/query.php?ec=4.2.2.8' target='_link' class='nav5'>4.2.2.8</a>)
PL16	<a href="http://www.cazy.org/Polysaccharide-Lyases.html" target="_cazy_cat_link">Polysaccharide Lyases</a> - <a href="http://www.cazy.org/PL16.html" target="_cazy_fam_link">PL16</a> - hyaluronan lyase (EC <a href='http://www.enzyme-database.org/query.php?ec=4.2.2.1' target='_link' class='nav5'>4.2.2.1</a>).
PL17	<a href="http://www.cazy.org/Polysaccharide-Lyases.html" target="_cazy_cat_link">Polysaccharide Lyases</a> - <a href="http://www.cazy.org/PL17.html" target="_cazy_fam_link">PL17</a> - alginate lyase (EC <a href='http://www.enzyme-database.org/query.php?ec=4.2.2.3' target='_link' class='nav5'>4.2.2.3</a>); oligoalginate lyase (EC <a href='http://www.enzyme-database.org/query.php?ec=4.2.2.26' target='_link' class='nav5'>4.2.2.26</a>)
PL17_1	<a href="http://www.cazy.org/Polysaccharide-Lyases.html" target="_cazy_cat_link">Polysaccharide Lyases</a> - <a href="http://www.cazy.org/PL17_1.html" target="_cazy_fam_link">PL17_1</a> - alginate lyase (EC <a href='http://www.enzyme-database.org/query.php?ec=4.2.2.3' target='_link' class='nav5'>4.2.2.3</a>); oligoalginate lyase (EC <a href='http://www.enzyme-database.org/query.php?ec=4.2.2.26' target='_link' class='nav5'>4.2.2.26</a>)
PL17_2	<a href="http://www.cazy.org/Polysaccharide-Lyases.html" target="_cazy_cat_link">Polysaccharide Lyases</a> - <a href="http://www.cazy.org/PL17_2.html" target="_cazy_fam_link">PL17_2</a> - alginate lyase (EC <a href='http://www.enzyme-database.org/query.php?ec=4.2.2.3' target='_link' class='nav5'>4.2.2.3</a>); oligoalginate lyase (EC <a href='http://www.enzyme-database.org/query.php?ec=4.2.2.26' target='_link' class='nav5'>4.2.2.26</a>)
PL18	<a href="http://www.cazy.org/Polysaccharide-Lyases.html" target="_cazy_cat_link">Polysaccharide Lyases</a> - <a href="http://www.cazy.org/PL18.html" target="_cazy_fam_link">PL18</a> - alginate lyase (EC <a href='http://www.enzyme-database.org/query.php?ec=4.2.2.3' target='_link' class='nav5'>4.2.2.3</a>); poly(&alpha;-L-guluronate) lyase / G-specific alginate lyase (EC <a href='http://www.enzyme-database.org/query.php?ec=4.2.2.11' target='_link' class='nav5'>4.2.2.11</a>); MG-specific alginate lyase (EC <a href='http://www.enzyme-database.org/query.php?ec=4.2.2.*' target='_link' class='nav5'>4.2.2.-</a>)
PL20	<a href="http://www.cazy.org/Polysaccharide-Lyases.html" target="_cazy_cat_link">Polysaccharide Lyases</a> - <a href="http://www.cazy.org/PL20.html" target="_cazy_fam_link">PL20</a> - endo-&beta;-1,4-glucuronan lyase (EC <a href='http://www.enzyme-database.org/query.php?ec=4.2.2.14' target='_link' class='nav5'>4.2.2.14</a>)
PL21	<a href="http://www.cazy.org/Polysaccharide-Lyases.html" target="_cazy_cat_link">Polysaccharide Lyases</a> - <a href="http://www.cazy.org/PL21.html" target="_cazy_fam_link">PL21</a> - heparin lyase (EC <a href='http://www.enzyme-database.org/query.php?ec=4.2.2.7' target='_link' class='nav5'>4.2.2.7</a>); heparin-sulfate lyase (EC <a href='http://www.enzyme-database.org/query.php?ec=4.2.2.8' target='_link' class='nav5'>4.2.2.8</a>); acharan-sulfate lyase (EC <a href='http://www.enzyme-database.org/query.php?ec=4.2.2.*' target='_link' class='nav5'>4.2.2.-</a>)
PL21_1	<a href="http://www.cazy.org/Polysaccharide-Lyases.html" target="_cazy_cat_link">Polysaccharide Lyases</a> - <a href="http://www.cazy.org/PL21_1.html" target="_cazy_fam_link">PL21_1</a> - heparin lyase (EC <a href='http://www.enzyme-database.org/query.php?ec=4.2.2.7' target='_link' class='nav5'>4.2.2.7</a>); heparin-sulfate lyase (EC <a href='http://www.enzyme-database.org/query.php?ec=4.2.2.8' target='_link' class='nav5'>4.2.2.8</a>); acharan-sulfate lyase (EC <a href='http://www.enzyme-database.org/query.php?ec=4.2.2.*' target='_link' class='nav5'>4.2.2.-</a>)
PL22	<a href="http://www.cazy.org/Polysaccharide-Lyases.html" target="_cazy_cat_link">Polysaccharide Lyases</a> - <a href="http://www.cazy.org/PL22.html" target="_cazy_fam_link">PL22</a> - oligogalacturonate lyase / oligogalacturonide lyase (EC <a href='http://www.enzyme-database.org/query.php?ec=4.2.2.6' target='_link' class='nav5'>4.2.2.6</a>)
PL22_1	<a href="http://www.cazy.org/Polysaccharide-Lyases.html" target="_cazy_cat_link">Polysaccharide Lyases</a> - <a href="http://www.cazy.org/PL22_1.html" target="_cazy_fam_link">PL22_1</a> - oligogalacturonate lyase / oligogalacturonide lyase (EC <a href='http://www.enzyme-database.org/query.php?ec=4.2.2.6' target='_link' class='nav5'>4.2.2.6</a>)
PL22_2	<a href="http://www.cazy.org/Polysaccharide-Lyases.html" target="_cazy_cat_link">Polysaccharide Lyases</a> - <a href="http://www.cazy.org/PL22_2.html" target="_cazy_fam_link">PL22_2</a> - oligogalacturonate lyase / oligogalacturonide lyase (EC <a href='http://www.enzyme-database.org/query.php?ec=4.2.2.6' target='_link' class='nav5'>4.2.2.6</a>)
PL23	<a href="http://www.cazy.org/Polysaccharide-Lyases.html" target="_cazy_cat_link">Polysaccharide Lyases</a> - <a href="http://www.cazy.org/PL23.html" target="_cazy_fam_link">PL23</a> - chondroitin lyase (EC <a href='http://www.enzyme-database.org/query.php?ec=4.2.2.*' target='_link' class='nav5'>4.2.2.-</a>); 
PL24	<a href="http://www.cazy.org/Polysaccharide-Lyases.html" target="_cazy_cat_link">Polysaccharide Lyases</a> - <a href="http://www.cazy.org/PL24.html" target="_cazy_fam_link">PL24</a> - ulvan lyase (EC <a href='http://www.enzyme-database.org/query.php?ec=4.2.2.*' target='_link' class='nav5'>4.2.2.-</a>).
PL25	<a href="http://www.cazy.org/Polysaccharide-Lyases.html" target="_cazy_cat_link">Polysaccharide Lyases</a> - <a href="http://www.cazy.org/PL25.html" target="_cazy_fam_link">PL25</a> - ulvan lyase (EC <a href='http://www.enzyme-database.org/query.php?ec=4.2.2.*' target='_link' class='nav5'>4.2.2.-</a>).
PL26	<a href="http://www.cazy.org/Polysaccharide-Lyases.html" target="_cazy_cat_link">Polysaccharide Lyases</a> - <a href="http://www.cazy.org/PL26.html" target="_cazy_fam_link">PL26</a> - rhamnogalacturonan exolyase (EC <a href='http://www.enzyme-database.org/query.php?ec=4.2.2.24' target='_link' class='nav5'>4.2.2.24</a>).
PL27	<a href="http://www.cazy.org/Polysaccharide-Lyases.html" target="_cazy_cat_link">Polysaccharide Lyases</a> - <a href="http://www.cazy.org/PL27.html" target="_cazy_fam_link">PL27</a> - L-rhamnose-&alpha;-1,4-D-glucuronate lyase (EC <a href='http://www.enzyme-database.org/query.php?ec=4.2.2.*' target='_link' class='nav5'>4.2.2.-</a>)
PL28	<a href="http://www.cazy.org/Polysaccharide-Lyases.html" target="_cazy_cat_link">Polysaccharide Lyases</a> - <a href="http://www.cazy.org/PL28.html" target="_cazy_fam_link">PL28</a> - ulvan lyase (EC <a href='http://www.enzyme-database.org/query.php?ec=4.2.2.*' target='_link' class='nav5'>4.2.2.-</a>)
PL29	<a href="http://www.cazy.org/Polysaccharide-Lyases.html" target="_cazy_cat_link">Polysaccharide Lyases</a> - <a href="http://www.cazy.org/PL29.html" target="_cazy_fam_link">PL29</a> - chondroitin-sulfate ABC endolyase (EC <a href='http://www.enzyme-database.org/query.php?ec=4.2.2.20' target='_link' class='nav5'>4.2.2.20</a>)
PL30	<a href="http://www.cazy.org/Polysaccharide-Lyases.html" target="_cazy_cat_link">Polysaccharide Lyases</a> - <a href="http://www.cazy.org/PL30.html" target="_cazy_fam_link">PL30</a> - hyaluronate lyase (EC <a href='http://www.enzyme-database.org/query.php?ec=4.2.2.1' target='_link' class='nav5'>4.2.2.1</a>)
PL31	<a href="http://www.cazy.org/Polysaccharide-Lyases.html" target="_cazy_cat_link">Polysaccharide Lyases</a> - <a href="http://www.cazy.org/PL31.html" target="_cazy_fam_link">PL31</a> - endo-&beta;-1,4-glucuronan lyase (EC <a href='http://www.enzyme-database.org/query.php?ec=4.2.2.14' target='_link' class='nav5'>4.2.2.14</a>); poly(&beta;-mannuronate) lyase / M-specific alginate lyase (EC <a href='http://www.enzyme-database.org/query.php?ec=4.2.2.3' target='_link' class='nav5'>4.2.2.3</a>)
PL32	<a href="http://www.cazy.org/Polysaccharide-Lyases.html" target="_cazy_cat_link">Polysaccharide Lyases</a> - <a href="http://www.cazy.org/PL32.html" target="_cazy_fam_link">PL32</a> - poly(&beta;-mannuronate) lyase / M-specific alginate lyase (EC <a href='http://www.enzyme-database.org/query.php?ec=4.2.2.3' target='_link' class='nav5'>4.2.2.3</a>)
PL33	<a href="http://www.cazy.org/Polysaccharide-Lyases.html" target="_cazy_cat_link">Polysaccharide Lyases</a> - <a href="http://www.cazy.org/PL33.html" target="_cazy_fam_link">PL33</a> - hyaluronate lyase (EC <a href='http://www.enzyme-database.org/query.php?ec=4.2.2.1' target='_link' class='nav5'>4.2.2.1</a>); gellan lyase (EC <a href='http://www.enzyme-database.org/query.php?ec=4.2.2.25' target='_link' class='nav5'>4.2.2.25</a>); chondroitin sulfate lyase (EC <a href='http://www.enzyme-database.org/query.php?ec=4.2.2.20' target='_link' class='nav5'>4.2.2.20</a>)
PL33_1	<a href="http://www.cazy.org/Polysaccharide-Lyases.html" target="_cazy_cat_link">Polysaccharide Lyases</a> - <a href="http://www.cazy.org/PL33_1.html" target="_cazy_fam_link">PL33_1</a> - hyaluronate lyase (EC <a href='http://www.enzyme-database.org/query.php?ec=4.2.2.1' target='_link' class='nav5'>4.2.2.1</a>); gellan lyase (EC <a href='http://www.enzyme-database.org/query.php?ec=4.2.2.25' target='_link' class='nav5'>4.2.2.25</a>); chondroitin sulfate lyase (EC <a href='http://www.enzyme-database.org/query.php?ec=4.2.2.20' target='_link' class='nav5'>4.2.2.20</a>)
PL33_2	<a href="http://www.cazy.org/Polysaccharide-Lyases.html" target="_cazy_cat_link">Polysaccharide Lyases</a> - <a href="http://www.cazy.org/PL33_2.html" target="_cazy_fam_link">PL33_2</a> - hyaluronate lyase (EC <a href='http://www.enzyme-database.org/query.php?ec=4.2.2.1' target='_link' class='nav5'>4.2.2.1</a>); gellan lyase (EC <a href='http://www.enzyme-database.org/query.php?ec=4.2.2.25' target='_link' class='nav5'>4.2.2.25</a>); chondroitin sulfate lyase (EC <a href='http://www.enzyme-database.org/query.php?ec=4.2.2.20' target='_link' class='nav5'>4.2.2.20</a>)
PL34	<a href="http://www.cazy.org/Polysaccharide-Lyases.html" target="_cazy_cat_link">Polysaccharide Lyases</a> - <a href="http://www.cazy.org/PL34.html" target="_cazy_fam_link">PL34</a> - alginate lyase (EC <a href='http://www.enzyme-database.org/query.php?ec=4.2.2.*' target='_link' class='nav5'>4.2.2.-</a>)
PL35	<a href="http://www.cazy.org/Polysaccharide-Lyases.html" target="_cazy_cat_link">Polysaccharide Lyases</a> - <a href="http://www.cazy.org/PL35.html" target="_cazy_fam_link">PL35</a> - chondroitin lyase / chondroitinase (EC <a href='http://www.enzyme-database.org/query.php?ec=4.2.2.*' target='_link' class='nav5'>4.2.2.-</a>); chondroitin AC lyase (EC <a href='http://www.enzyme-database.org/query.php?ec=4.2.2.5' target='_link' class='nav5'>4.2.2.5</a>)
PL36	<a href="http://www.cazy.org/Polysaccharide-Lyases.html" target="_cazy_cat_link">Polysaccharide Lyases</a> - <a href="http://www.cazy.org/PL36.html" target="_cazy_fam_link">PL36</a> - poly(&beta;-mannuronate) lyase / M-specific alginate lyase (EC <a href='http://www.enzyme-database.org/query.php?ec=4.2.2.3' target='_link' class='nav5'>4.2.2.3</a>)
PL36_1	<a href="http://www.cazy.org/Polysaccharide-Lyases.html" target="_cazy_cat_link">Polysaccharide Lyases</a> - <a href="http://www.cazy.org/PL36_1.html" target="_cazy_fam_link">PL36_1</a> - poly(&beta;-mannuronate) lyase / M-specific alginate lyase (EC <a href='http://www.enzyme-database.org/query.php?ec=4.2.2.3' target='_link' class='nav5'>4.2.2.3</a>)
PL36_2	<a href="http://www.cazy.org/Polysaccharide-Lyases.html" target="_cazy_cat_link">Polysaccharide Lyases</a> - <a href="http://www.cazy.org/PL36_2.html" target="_cazy_fam_link">PL36_2</a> - poly(&beta;-mannuronate) lyase / M-specific alginate lyase (EC <a href='http://www.enzyme-database.org/query.php?ec=4.2.2.3' target='_link' class='nav5'>4.2.2.3</a>)
PL37	<a href="http://www.cazy.org/Polysaccharide-Lyases.html" target="_cazy_cat_link">Polysaccharide Lyases</a> - <a href="http://www.cazy.org/PL37.html" target="_cazy_fam_link">PL37</a> - chondroitin-sulfate ABC endolyase (EC <a href='http://www.enzyme-database.org/query.php?ec=4.2.2.20' target='_link' class='nav5'>4.2.2.20</a>); heparin-sulfate lyase / heparin lyase III (EC <a href='http://www.enzyme-database.org/query.php?ec=4.2.2.8' target='_link' class='nav5'>4.2.2.8</a>); ulvan lyase (EC <a href='http://www.enzyme-database.org/query.php?ec=4.2.2.*' target='_link' class='nav5'>4.2.2.-</a>)
